pdf_id|page_num|block_num|par_num|line_num|line_top|textstub|label
20461|8|2|1|1|92|CB...|header0
20461|8|1|1|1|108|Chicago Police Department...|header1
20461|8|9|1|1|149|ARREST REPORTING...|header2
20461|8|7|1|1|209|[WARRANT...|warrant
20461|8|6|1|1|283|NO WARRANT IDENTIFIED...|warrant
20461|8|8|1|1|414|ICTIM AND COMPLAINANT...|non_offenders
20461|8|10|1|1|426|Aeon...|non_offenders
20461|8|26|1|1|449|Name: Female Injured? No ...|non_offenders
20461|8|26|1|2|480|"Res: Beat:1531 |Black..."|non_offenders
20461|8|26|1|3|513|i DOB: Hospitalized? No...|non_offenders
20461|8|26|1|4|541|"| Age:34 years..."|non_offenders
20461|8|26|1|5|576|! Treated and Released?No...|non_offenders
20461|8|26|1|6|612|Comments:...|non_offenders
20461|8|26|1|7|699|a vcr AND COMPLAINANT _ w...|non_offenders
20461|8|26|1|8|740|"| ale injured? No jecease..."|non_offenders
20461|8|26|1|9|769|uw Res Beat: 1513...|non_offenders
20461|8|26|1|10|802|z DOB: Hospitalized? No...|non_offenders
20461|8|26|1|11|829|w : Age:...|non_offenders
20461|8|26|1|12|866|5) Treated and Released?N...|non_offenders
20461|8|26|1|13|886|"Z| Comments: P 0 3829..."|non_offenders
20461|8|26|1|15|914|a...|non_offenders
20461|8|26|1|14|936|o...|non_offenders
20461|8|26|1|16|992|ICTiIM AND COMPLAINANT ....|non_offenders
20461|8|26|1|17|1027|Name: Injured? No Decease...|non_offenders
20461|8|26|1|18|1058|Res: ~ Beat:1513...|non_offenders
20461|8|26|1|19|1091|DOB: Hospitalized? No...|non_offenders
20461|8|26|1|20|1127|{ Age:...|non_offenders
20461|8|26|1|21|1157|i Treated and Released?No...|non_offenders
20461|8|26|1|22|1188|Comments: P.O 11510...|non_offenders
20461|8|26|1|23|1237|"|!..."|non_offenders
20461|8|26|1|24|1350|i...|non_offenders
20461|8|26|1|25|1384|bs a NO ARRESTEE VEHICLE ...|arrestee_vehicle
20461|8|26|1|26|1423|"ge |..."|arrestee_vehicle
20461|8|26|1|27|1468|<n...|arrestee_vehicle
20461|8|30|1|1|1567|‘Confiscated Properties :...|properties
20461|8|30|1|2|1594|Il confiscated properties...|properties
20461|8|30|1|3|1619|jocuments related to evid...|properties
20461|8|32|1|1|1676|NOT AVAILABLE IN THE AUTO...|properties
20461|8|35|1|1|1678|PROPERTIES INFORMATION FO...|properties
20461|8|43|1|1|1967|Print Generated By: HENDR...|footer
20461|8|45|1|1|1967|Page 2 of 5...|footer
20461|8|46|1|1|1967|6/10/12 9:52...|footer
20461|8|44|1|1|2003|powered by: EL...|footer
20461|8|45|1|2|2006|Tectnotogy...|footer
20461|8|47|1|1|2120|CPD 0077059...|footer
20461|9|29|4|2|0|Z /1st Arresting Officer:...|reporting_personnel
20461|9|1|1|1|92|CB#:...|header0
20461|9|1|1|2|104|Chicago Police Department...|header1
20461|9|1|2|1|147|"“_ARREST REPORTING — |..."|header2
20461|9|1|2|2|185|(The facts for probable c...|incident_narrative
20461|9|2|1|1|221|EV; IN SUMMARY: A/O'S RES...|incident_narrative
20461|9|2|1|2|251|ARI ,A/O'S OBSERVED SUBJE...|incident_narrative
20461|9|2|1|3|281|REAR OF LISTED LOCATION. ...|incident_narrative
20461|9|2|1|4|311|OFFENDER A/O MURPHY EXIT ...|incident_narrative
20461|9|2|1|5|340|HIM. THE OFFENDER WALKED ...|incident_narrative
20461|9|7|1|1|346|INCIDENT NARRATIVE...|incident_narrative
20461|9|2|1|6|371|GAIN ENTRY AND FAILED TO ...|incident_narrative
20461|9|2|2|1|402|IME, THE OFFENDER STIFFEN...|incident_narrative
20461|9|2|2|2|402|ATTEMPT TO DEFEAT AN ARRE...|incident_narrative
20461|9|2|2|3|462|CONTINUED TO DISOBEY A4/O...|incident_narrative
20461|9|2|3|1|492|RMS. A‘O WARNER TASERED T...|incident_narrative
20461|9|2|4|1|520|AS DEPLOYED AT 1855 HOURS...|incident_narrative
20461|9|2|4|2|545|OFFENDER WAS TRANSPORTED ...|incident_narrative
20461|9|2|4|3|582|SPOKE. T neem . WHO RELAT...|incident_narrative
20461|9|2|4|4|612|THE OFFENDER TOLD HER THA...|incident_narrative
20461|9|2|5|1|643|WARE THAT SHE IS NOT ALLO...|incident_narrative
20461|9|2|6|1|662|‘AS AT BANGING ON THE REA...|incident_narrative
20461|9|2|6|2|702|COMLPAINTS DUE TO THIS IN...|incident_narrative
20461|9|2|6|3|733|MURPHY SUFFERED ABRASIONS...|incident_narrative
20461|9|2|6|4|763|HER PERSON AND NO WANTS/W...|incident_narrative
20461|9|2|6|5|793|THE OFFENDER HAS NO DOMES...|incident_narrative
20461|9|3|1|1|839|esired Court Date: 25 Jun...|court_info
20461|9|15|1|2|849|c BOND INFO:...|court_info
20461|9|3|1|2|873|ranch: 63-2 555 W HARRISO...|court_info
20461|9|15|1|1|877|"| COURT INFO..."|court_info
20461|9|3|1|3|909|‘court Sgt Handle? No...|court_info
20461|9|13|1|1|921|j...|court_info
20461|9|14|1|1|949|BOND INFORMATION NOT AVAI...|court_info
20461|9|14|1|2|981|:...|court_info
20461|9|14|1|3|1019|!...|court_info
20461|9|18|1|1|1113|"WJ | hereby declare and a..."|reporting_personnel
20461|9|18|1|2|1151|"= |knowledge, Information..."|reporting_personnel
20461|9|29|1|1|1171|#NAME?...|reporting_personnel
20461|9|29|2|1|1191|® Attesting Officer: #382...|reporting_personnel
20461|9|29|3|1|1251|Ew RRESTING OFFICER(S): :...|reporting_personnel
20461|9|29|4|1|1297|o Beat...|reporting_personnel
20461|9|29|4|3|1347|B 2nd Arresting Officer: ...|reporting_personnel
20461|9|29|4|4|1385|2 APPROVING SUPERVISOR: S...|reporting_personnel
20461|9|29|5|1|1427|le Approval of Probable C...|reporting_personnel
20461|9|40|1|1|1962|Print Generated By: HENDR...|footer
20461|9|41|1|1|1997|Fowered by: £L2(A FE) Tec...|footer
20461|9|42|1|1|2120|CPD 0077060...|footer
20461|10|15|1|5|0|Photograph Taken: 10 June...|lockup_keeper_processing
20461|10|2|1|1|92|CB...|lockup_keeper_processing
20461|10|1|1|1|107|Chicago Police Department...|lockup_keeper_processing
20461|10|4|1|1|149|"| ARREST PROCESSING REPOR..."|lockup_keeper_processing
20461|10|15|1|1|184|Holding Facility: Distric...|lockup_keeper_processing
20461|10|15|1|2|215|Received inLockup: 10 Jun...|lockup_keeper_processing
20461|10|15|1|3|249|Prints Taken: 10 June 204...|lockup_keeper_processing
20461|10|15|1|4|282|Palmprints Taken: Yes...|lockup_keeper_processing
20461|10|15|1|6|335|g Released from Lockup:...|lockup_keeper_processing
20461|10|15|1|7|378|"@}/| VISUAL CHECK OF ARRE..."|lockup_keeper_processing
20461|10|15|1|8|405|ig Is there obvious pain ...|lockup_keeper_processing
20461|10|15|1|9|442|8 ls there obvious signs ...|lockup_keeper_processing
20461|10|15|1|10|476|"f¢|, Under the influence ..."|lockup_keeper_processing
20461|10|15|1|11|506|"|| Signs of alcohol/drug ..."|lockup_keeper_processing
20461|10|15|1|12|532|a Appears to be desponden...|lockup_keeper_processing
20461|10|15|1|13|566|"O.|| Appears to be irrati..."|lockup_keeper_processing
20461|10|15|1|14|590|Ww Carrying medication? N...|lockup_keeper_processing
20461|10|15|1|15|628|x...|lockup_keeper_processing
20461|10|15|1|16|656|a...|lockup_keeper_processing
20461|10|15|1|17|676|=...|lockup_keeper_processing
20461|10|11|1|1|684|‘TURN TO HOLDING FACILITY...|lockup_keeper_processing
20461|10|15|1|18|696|x...|lockup_keeper_processing
20461|10|15|1|19|718|oO...|lockup_keeper_processing
20461|10|12|1|1|720|QUESTIONNAIRE REMARKS:...|lockup_keeper_processing
20461|10|15|1|20|738|°...|lockup_keeper_processing
20461|10|15|1|21|760|pay...|lockup_keeper_processing
20461|10|19|1|1|856|LOCKUP KEEPER COMMENTS:...|lockup_keeper_processing
20461|10|24|1|1|895|IEMERGENCY CONTACT _....|lockup_keeper_processing
20461|10|25|1|1|913|preven etree hercteerre +...|lockup_keeper_processing
20461|10|24|1|2|930|Name: REFUSED...|lockup_keeper_processing
20461|10|24|1|3|970|Res:...|lockup_keeper_processing
20461|10|33|1|1|1185|8...|interview_log
20461|10|33|2|1|1227|at...|interview_log
20461|10|33|3|1|1252|if...|interview_log
20461|10|33|4|1|1280|2 NO INTERVIEWS LOGGED...|interview_log
20461|10|33|4|2|1306|z...|interview_log
20461|10|33|5|1|1346|we...|interview_log
20461|10|33|6|1|1374|Lz!...|interview_log
20461|10|33|7|1|1441|roy...|interview_log
20461|10|33|8|1|1469|"o|..."|visitor_log
20461|10|33|9|1|1497|al...|visitor_log
20461|10|33|10|1|1522|5 NO VISITORS LOGGED...|visitor_log
20461|10|33|10|2|1583|@...|visitor_log
20461|10|33|11|1|1616|">|..."|visitor_log
20461|10|35|1|1|1962|Print Generated By: HENDR...|footer
20461|10|39|1|1|1963|_ Page 4 of 5 10 JUN 2012...|footer
20461|10|36|1|1|1999|powered by: CL...|footer
20461|10|40|1|1|2000|Wj fechnoatagy...|footer
20461|10|41|1|1|2117|CPD 0077061...|footer
20461|18|39|1|1|97|FINAL APPROVAL...|header
20461|18|54|1|1|97|CB #:...|header
20461|18|1|1|1|110|CHICAGO POLICE DEPARTMENT...|header
20461|18|54|2|1|126|IR #:...|header
20461|18|1|1|2|142|ARREST REPORT...|header
20461|18|54|2|2|154|YOu...|header
20461|18|54|2|3|179|RD#...|header
20461|18|2|1|1|181|3510 S. Michigan Avenue, ...|header
20461|18|2|1|2|203|(For usa by Chicags Polic...|header
20461|18|54|2|4|205|EVENT #:...|header
20461|18|2|1|3|223|CPD-11. 420C(REV 6/30}...|header
20461|18|38|1|1|248|‘ARREST REPORTINGS. f=...|header
20461|18|40|1|1|251|ee!...|header
20461|18|7|1|1|281|Name:...|offender
20461|18|41|1|1|289|Female...|offender
20461|18|10|1|1|294|a...|offender
20461|18|9|1|1|318|Res: Beat: 3100...|offender
20461|18|41|2|1|318|Black...|offender
20461|18|41|3|1|346|"5° 05""..."|offender
20461|18|41|4|1|375|165 Ibs...|offender
20461|18|11|1|1|377|None...|offender
20461|18|41|5|1|403|Brown Eyes...|offender
20461|18|11|1|2|409|DOB:...|offender
20461|18|12|1|1|410|OFFENDER. . :-...|offender
20461|18|41|6|1|433|Black Hair...|offender
20461|18|11|1|3|438|AGE: 35 years...|offender
20461|18|41|6|2|462|Medium Hair Style...|offender
20461|18|11|1|4|472|POB: Illinois...|offender
20461|18|41|6|3|490|Black Complexion...|offender
20461|18|11|1|5|511|ARMED WITH Unarmed...|offender
20461|18|16|1|1|840|rrest Date: 10 June...|incident
20461|18|18|1|1|841|2012 18:55 TRR Completed?...|incident
20461|18|43|1|1|844|Total No Arrested: 1 Co-A...|incident
20461|18|57|1|1|850|Assoc Cases...|incident
20461|18|16|1|2|871|Location:...|incident
20461|18|19|1|1|875|Beat: 1531...|incident
20461|18|23|1|1|882|t_INGIDENT...|incident
20461|18|55|1|1|884|OCFS Ward ? No...|incident
20461|18|44|1|1|915|Dependent Children? No...|incident
20461|18|22|1|1|929|4291- residential Yard (F...|incident
20461|18|22|1|2|956|Holding Facility: Distric...|incident
20461|18|22|1|3|986|Resisted Arrest? Yes...|incident
20461|18|24|1|1|1178|Offense As Cited 720 ILCS...|charges
20461|18|46|1|1|1183|Domestic Related...|charges
20461|18|47|1|1|1211|RESIST/PC OF F/CORR EMP/F...|charges
20461|18|25|1|1|1243|Class A- Type M...|charges
20461|18|31|1|1|1269|!...|charges
20461|18|26|1|1|1270|LS]...|charges
20461|18|27|1|1|1270|Offense As Cited...|charges
20461|18|25|1|2|1272|720 ILCS 5.0/31-1-A...|charges
20461|18|48|1|1|1276|Domestic Related...|charges
20461|18|31|1|2|1298|i...|charges
20461|18|49|1|1|1303|RESIST/PC OFF/CORR EMP/FR...|charges
20461|18|31|1|3|1329|"| Class A- Type M..."|charges
20461|18|28|1|1|1362|oF...|charges
20461|18|29|1|1|1363|Offense As Cited 720 ILCS...|charges
20461|18|50|1|1|1369|Domestic Related...|charges
20461|18|29|2|1|1396|ASSAULT - SIMPLE...|charges
20461|18|60|1|1|1421|ul...|charges
20461|18|29|3|1|1427|Class C-Type M...|charges
20461|18|32|1|1|1456|Offense As Cited...|charges
20461|18|29|4|1|1457|720 ILCS 5.0/21-3-A-2...|charges
20461|18|51|1|1|1462|Domestic Related...|charges
20461|18|29|4|2|1488|CRIMINAL TRESPASS TO LAND...|charges
20461|18|29|4|3|1521|Class _B-Type M...|charges
20461|18|36|1|1|1576|ECOVERED...|recovered_narcotics
20461|18|36|1|2|1582|IARCOTICS...|recovered_narcotics
20461|18|35|1|1|1685|NO NARCOTICS RECOVERED...|recovered_narcotics
20461|18|37|1|1|1953|Print Generated By: HENDR...|footer
20461|18|63|1|1|1962|6/12/12 7:37...|footer
20461|18|64|1|1|2120|CPD 0077069...|footer
20461|19|1|1|1|93|Chicago Police Department...|header
20461|19|3|1|1|126|oe ES ARREST REPORTING SA...|header
20461|19|6|1|1|409|ae...|warrant
20461|19|13|1|1|418|(8)....|warrant
20461|19|8|1|1|448|Injured? No...|non_offenders
20461|19|10|1|1|477|Beat:1531 [Black...|non_offenders
20461|19|10|1|2|512|IDOB: Hospitalized? No...|non_offenders
20461|19|15|1|1|547|Age:34 years...|non_offenders
20461|19|15|1|2|577|Treated and Released? No...|non_offenders
20461|19|15|1|3|609|Comments:...|non_offenders
20461|19|15|1|4|692|VICTIM AND-COMPLAINANT: «...|non_offenders
20461|19|15|1|5|719|i ar tania Se - eae fas =...|non_offenders
20461|19|15|1|6|741|wi 7 ale nyure 1S ecease...|non_offenders
20461|19|15|1|7|751|"| Res: Beat: 1513..."|non_offenders
20461|19|15|1|8|793|z : DOB: Hospitalized? No...|non_offenders
20461|19|15|1|9|824|fn Age:...|non_offenders
20461|19|25|1|2|842|Neer on noe nn ttre nr hn...|non_offenders
20461|19|15|1|10|859|5 Treated and Released? N...|non_offenders
20461|19|15|1|11|896|z Comments: P.O 3829...|non_offenders
20461|19|15|1|12|929|tO...|non_offenders
20461|19|15|1|13|951|2...|non_offenders
20461|19|19|1|1|986|ICTIM AND COMPLAINANT....|non_offenders
20461|19|21|1|1|991|ae bel ay ow...|non_offenders
20461|19|23|1|1|1000|~ =! : 1 de ers cari es...|non_offenders
20461|19|23|1|2|1024|"*_||Nam___ : Injured? No ..."|non_offenders
20461|19|23|1|3|1054|-.}] Res: Beat:1513...|non_offenders
20461|19|25|1|1|1078|a)...|non_offenders
20461|19|23|1|4|1081|#NAME?...|non_offenders
20461|19|23|1|5|1123|Age:...|non_offenders
20461|19|24|1|1|1153|Treated and Released? No...|non_offenders
20461|19|24|1|2|1183|Comments: P.O 11510...|non_offenders
20461|19|26|1|1|1249|r...|arrestee_vehicle
20461|19|26|1|2|1249|4...|arrestee_vehicle
20461|19|31|1|1|1335|ARRESTEE,...|arrestee_vehicle
20461|19|31|1|2|1357|VEHICLE...|arrestee_vehicle
20461|19|30|1|1|1381|NO ARRESTEE VEHICLE INFOR...|arrestee_vehicle
20461|19|32|1|1|1473|i...|properties
20461|19|34|1|1|1558|Confiscated Properties :...|properties
20461|19|35|1|1|1587|All confiscated propertie...|properties
20461|19|35|1|2|1611|documents related to evid...|properties
20461|19|36|1|1|1670|PROPERTIES INFORMATION FO...|properties
20461|19|40|1|1|1955|Print Generated By: HENDR...|footer
20461|19|40|1|2|1980|39! ....|footer
20461|19|41|1|1|1988|pawered ty: CE Fenchinete...|footer
20461|19|41|1|2|2016|ee -...|footer
20461|19|42|1|1|2030|ee ee...|footer
20461|19|43|1|1|2120|CPD 0077070...|footer
20461|20|41|4|1|0|2 Attesting Officer: #382...|reporting_personnel
20461|20|41|7|1|0|"= |1st Arresting Officer:..."|reporting_personnel
20461|20|2|1|1|104|Chicago Police Department...|header
20461|20|2|1|2|146|Pee eS = SE ARRESTREPORII...|header
20461|20|9|1|1|165|"‘al |..."|incident_narrative
20461|20|3|1|1|170|(The facts for probabie c...|incident_narrative
20461|20|10|1|1|192|sentence tenn!...|incident_narrative
20461|20|11|1|1|212|ak...|incident_narrative
20461|20|4|1|1|221|EV#17214 IN SUMMARY: A/O'...|incident_narrative
20461|20|4|2|1|252|RRIVAL, A/O'S OBSERVED SU...|incident_narrative
20461|20|4|2|2|282|EAR OF LISTED LOCATION. A...|incident_narrative
20461|20|4|2|3|313|FFENDER. A/O MURPHY EXIT ...|incident_narrative
20461|20|14|1|1|338|INCIDENT: NARRATIVE...|incident_narrative
20461|20|4|2|4|342|IM. THE OFFENDER WALKED A...|incident_narrative
20461|20|4|2|5|372|AIN ENTRY AND FAILED TO D...|incident_narrative
20461|20|4|2|6|402|TIME, THE OFFENDER STIFFE...|incident_narrative
20461|20|4|2|7|432|TTEMPT TO DEFEAT AN ARRES...|incident_narrative
20461|20|4|2|8|462|ONTINUED TO DISOBEY A/O M...|incident_narrative
20461|20|4|2|9|492|RMS. AYO WARNER TASERED T...|incident_narrative
20461|20|12|1|1|522|AS DEPLOYED AT 1855 HOURS...|incident_narrative
20461|20|12|2|1|552|OFFENDER WAS TRANSPORTED ...|incident_narrative
20461|20|12|3|1|582|SPOKE T! 'HO RELATED SHE ...|incident_narrative
20461|20|12|4|1|612|[THE OFF “LAM GOING TO FU...|incident_narrative
20461|20|12|4|2|642|WARE THAT SHE IS NOT ALLO...|incident_narrative
20461|20|12|5|1|672|"-| WAS AT BANGING ON THE ..."|incident_narrative
20461|20|12|6|1|702|4 {COMLPAINTS DUE TO THIS...|incident_narrative
20461|20|12|7|1|733|MURPHY SUFFERED ABRASIONS...|incident_narrative
20461|20|12|8|1|763|,]JHER PERSON AND NO WANT...|incident_narrative
20461|20|12|9|1|785|#NAME?...|incident_narrative
20461|20|13|1|1|838|Desired Court Date: 25 Ju...|court_info
20461|20|18|1|1|841|"-y|Bond Date: 10 June 201..."|court_info
20461|20|13|1|2|873|Branch: 63-2 555 W HARRIS...|court_info
20461|20|28|1|1|875|2COURT.INFO...|court_info
20461|20|13|1|3|908|Court Sgt Handle? No...|court_info
20461|20|13|2|1|946|Initial Court Date: 25 Ju...|court_info
20461|20|13|3|1|981|Branch: 63-2 555 W HARRIS...|court_info
20461|20|29|1|1|1051|i...|court_info
20461|20|31|1|1|1110|(hereby declare and affir...|reporting_personnel
20461|20|41|1|1|1127|"La |..."|reporting_personnel
20461|20|41|2|1|1136|Z knowledge, information ...|reporting_personnel
20461|20|41|3|1|1177|iO...|reporting_personnel
20461|20|41|5|1|1268|(2....|reporting_personnel
20461|20|41|6|1|1295|iO...|reporting_personnel
20461|20|41|8|1|1345|ity 2nd Arresting Officer...|reporting_personnel
20461|20|41|9|1|1384|'S : te 2 PTE Awe EE . bs...|reporting_personnel
20461|20|41|9|2|1413|thy Approval of Probable ...|reporting_personnel
20461|20|47|1|1|1955|Print Generated By: HENDR...|footer
20461|20|49|1|1|2120|CPD 0077071...|footer
20461|21|8|1|2|0|Received in Lockup: 10 Ju...|lockup_keeper_processing
20461|21|8|1|3|0|Prints Taken: 10 June =. ...|lockup_keeper_processing
20461|21|8|2|1|0|Photograph Taken: 10 June...|lockup_keeper_processing
20461|21|2|1|1|105|Chicago Police Department...|lockup_keeper_processing
20461|21|2|2|1|144|: # ARREST PROCESSING REP...|lockup_keeper_processing
20461|21|8|1|1|161|Helaing Facility: Gamat a...|lockup_keeper_processing
20461|21|2|2|2|189|Time Last Fed:...|lockup_keeper_processing
20461|21|2|2|3|222|Time Called: Phone#:...|lockup_keeper_processing
20461|21|2|2|4|259|Cell #:...|lockup_keeper_processing
20461|21|8|1|4|279|Palmprints Taken: Yes...|lockup_keeper_processing
20461|21|11|1|1|318|Transport Details : 1PO 1...|lockup_keeper_processing
20461|21|30|1|1|325|. LOCKUP KEEPER PROCESSIN...|lockup_keeper_processing
20461|21|8|2|2|346|Released from Lockup: 10 ...|lockup_keeper_processing
20461|21|8|2|3|382|VISUAL CHECK.OF ARRESTEE ...|lockup_keeper_processing
20461|21|17|1|1|383|“[ARRESTEE QUESTIONNARIE ...|lockup_keeper_processing
20461|21|21|1|1|390|"|..."|lockup_keeper_processing
20461|21|21|2|1|413|\ Is there obvious pain o...|lockup_keeper_processing
20461|21|17|1|2|418|Presently taking medicati...|lockup_keeper_processing
20461|21|21|3|1|446|"}| ts there obvious signs..."|lockup_keeper_processing
20461|21|21|3|2|470|"|| Under the influence of..."|lockup_keeper_processing
20461|21|21|3|3|499|' Signs of alcohol/drug w...|lockup_keeper_processing
20461|21|21|3|4|535|":| Appears to be desponde..."|lockup_keeper_processing
20461|21|21|3|5|560|";| Appears to be irration..."|lockup_keeper_processing
20461|21|24|1|1|592|Carrying medication?...|lockup_keeper_processing
20461|21|27|1|1|680|IRETURN TO HOLDING FAGILI...|lockup_keeper_processing
20461|21|27|1|2|716|QUESTIONNAIRE REMARKS: '~...|lockup_keeper_processing
20461|21|33|1|1|853|LOCKUP KEEPER™ COMMENTS: ...|lockup_keeper_processing
20461|21|33|1|2|887|EMERGENCY CONTACT i= =,...|lockup_keeper_processing
20461|21|34|1|1|927|Name; REFUSED...|lockup_keeper_processing
20461|21|34|1|2|967|Res: Beat:...|lockup_keeper_processing
20461|21|46|1|1|1181|.O...|interview_log
20461|21|46|2|1|1201|‘oO...|interview_log
20461|21|46|3|1|1223|a...|interview_log
20461|21|46|4|1|1247|=...|interview_log
20461|21|46|5|1|1275|WW —sNO INTERVIEWS LOGGED...|interview_log
20461|21|46|6|1|1301|=...|interview_log
20461|21|46|7|1|1319|oe...|interview_log
20461|21|46|8|1|1341|wi...|interview_log
20461|21|46|9|1|1359|Ee...|interview_log
20461|21|46|10|1|1378|=:...|interview_log
20461|21|46|11|1|1436|"‘9|..."|visitor_log
20461|21|46|12|1|1469|oO:...|visitor_log
20461|21|46|13|1|1491|aad *...|visitor_log
20461|21|46|14|1|1505|hee...|visitor_log
20461|21|46|15|1|1533|10. NO VISITORS LOGGED...|visitor_log
20461|21|46|16|1|1559|2...|visitor_log
20461|21|46|17|1|1609|>...|visitor_log
20461|21|46|18|1|1628|ym...|visitor_log
20461|21|46|19|1|1952|Print Generated By: HENDR...|footer
20461|21|46|19|2|1978|iva me =...|footer
20461|21|48|1|1|2117|CPD 0077072...|footer
20836|22|1|1|1|0|EEE __...|header
20836|22|17|1|1|0|rrest Date: 07 March 2012...|incident
20836|22|3|1|1|67|cB’...|header
20836|22|3|1|2|70|CHICAGO POLICE DEPARTMENT...|header
20836|22|3|1|3|122|ARREST REPORT YDi...|header
20836|22|3|1|4|155|3540 S. Michigan Avenue, ...|header
20836|22|3|1|5|183|(For use by Chicago Polic...|header
20836|22|3|1|6|209|CPD-11. 420C(REV. 6/30)...|header
20836|22|3|2|1|234|ARREST REPORTING...|header
20836|22|9|1|1|274|Male...|offender
20836|22|12|1|1|305|Re. Beat: 423 Black...|offender
20836|22|12|1|2|336|"6' 00""..."|offender
20836|22|12|1|3|366|Uknown 180 Ibs...|offender
20836|22|12|1|4|396|a arts ial...|offender
20836|22|12|1|5|433|a lack Hair...|offender
20836|22|12|1|6|443|22 years Corn Rows Hair S...|offender
20836|22|15|1|1|462|OFFENDER...|offender
20836|22|12|1|7|474|POB: Illinois...|offender
20836|22|14|1|1|489|Black Complexion...|offender
20836|22|14|1|2|515|ARMED WITH Handgun...|offender
20836|22|17|1|2|899|Location Beat: 313 DCFS W...|incident
20836|22|18|1|1|941|Dependent Children? No...|incident
20836|22|23|1|1|942|INCIDENT...|incident
20836|22|21|1|1|966|you = YUIEl...|incident
20836|22|21|1|2|990|Holding Facility: Distric...|incident
20836|22|21|1|3|1022|Resisted Arrest? No...|incident
20836|22|22|1|1|1057|Incident Category: Assaul...|incident
20836|22|27|1|1|1177|Victim...|charges
20836|22|27|2|1|1226|1 Offense As Cited 720 IL...|charges
20836|22|27|2|2|1255|#18235 003RD DISTRICT...|charges
20836|22|27|3|1|1285|PCS - MFG/DEL 1<15 GR HER...|charges
20836|22|28|1|1|1318|Class 1- Type F...|charges
20836|22|28|1|2|1350|2 Offense As Cited 720 IL...|charges
20836|22|30|1|1|1365|a #18235 003RD DISTRICT...|charges
20836|22|30|1|2|1406|2 AGG UUW/ LOADED GUN...|charges
20836|22|30|2|1|1442|< Class 4- Type F...|charges
20836|22|30|3|1|1473|5 3 Offense As Cited 720 ...|charges
20836|22|31|1|1|1503|#18235 003RD DISTRICT...|charges
20836|22|31|1|2|1534|AGG ASSAULT/OFFICER/FIREA...|charges
20836|22|31|1|3|1567|Class 4- Type F...|charges
20836|22|32|1|1|1598|4 Offense As Cited 720 IL...|charges
20836|22|32|1|2|1627|#18235 003RD DISTRICT...|charges
20836|22|33|1|1|1658|ARMED VIOLENCE/CATEGORY I...|charges
20836|22|33|1|2|1691|Class 2- Type F...|charges
20836|22|40|1|1|1753|Felony Review: Approved 0...|felony_review
20836|22|41|1|1|1764|FELONY...|felony_review
20836|22|41|1|2|1766|REVIEW...|felony_review
20836|22|43|1|1|2055|Print Generated By: KILLE...|footer
20836|22|44|1|1|2080|powered by: cafe Technolo...|footer
20836|22|45|1|1|2206|CPD 0068182...|footer
20836|23|1|1|1|67|Chicago Police Department...|header
20836|23|4|1|1|123|[ ARREST REPORTING...|header
20836|23|4|1|2|180|Type Approx. Weight/Quant...|recovered_narcotics
20836|23|4|1|3|225|uspect Controlled Substan...|recovered_narcotics
20836|23|5|1|1|238|6...|recovered_narcotics
20836|23|5|1|2|281|60...|recovered_narcotics
20836|23|5|1|3|302|oF...|recovered_narcotics
20836|23|5|1|4|332|Ws...|recovered_narcotics
20836|23|6|1|1|518|NO WARRANT IDENTIFIED...|warrant
20836|23|9|1|1|653|ICTIM AND COMPLAINANT...|non_offenders
20836|23|10|1|1|696|Name: STATE OF ILLINOIS, ...|non_offenders
20836|23|10|1|2|724|‘ DISTRICT...|non_offenders
20836|23|12|1|1|765|DOB: Hospitalized? No...|non_offenders
20836|23|12|1|2|803|Age:...|non_offenders
20836|23|13|1|1|835|Treated and Released? No...|non_offenders
20836|23|13|1|2|869|Comments:...|non_offenders
20836|23|14|1|1|1129|, NO ARRESTEE VEHICLE INF...|arrestee_vehicle
20836|23|18|1|1|1348|: Il confiscated properti...|properties
20836|23|18|1|2|1373|‘ documents related to ev...|properties
20836|23|20|1|1|1436|PROPERTIES INFORMATION FO...|properties
20836|23|23|1|1|1594|#NAME?...|incident_narrative
20836|23|27|1|1|1618|INCIDENT NARRATIVE....|incident_narrative
20836|23|24|1|1|1632|. Event bove offender pla...|incident_narrative
20836|23|24|1|2|1664|HP25A seria ACP .25 cal(r...|incident_narrative
20836|23|24|1|3|1696|plastic bag conatining se...|incident_narrative
20836|23|24|1|4|1728|purpose of sale. The abov...|incident_narrative
20836|23|24|1|5|1760|Langley. Not on Parole, G...|incident_narrative
20836|23|24|2|1|1792|member. Has ID. Has FOID ...|incident_narrative
20836|23|25|1|1|1832|SEE WC COMMENTS SECTION F...|incident_narrative
20836|23|33|1|1|2055|Print Generated By: KILLE...|footer
20836|23|33|1|2|2097|Boewered by: £11 Rechonoi...|footer
20836|23|34|1|1|2206|CPD 0068183...|footer
20836|24|17|1|6|0|B attesting Officer: #132...|reporting_personnel
20836|24|17|1|14|0|powered buy: CL! : Fescct...|footer
20836|24|1|1|1|67|Chicago Police Department...|header
20836|24|3|1|1|124|ARREST REPORTING...|header
20836|24|3|1|2|166|"[Desired Court Date: |..."|court_info
20836|24|3|1|3|193|oO Branch:...|court_info
20836|24|3|1|4|231|& ourt Sgt Handle? No...|court_info
20836|24|3|1|5|278|‘- [Initial Court Date: 0...|court_info
20836|24|5|1|1|281|BOND INFORMATION NOT AVAI...|court_info
20836|24|4|1|1|305|oe Branch: CBC-1 2600 S C...|court_info
20836|24|17|1|1|352|’ [Docket #:...|court_info
20836|24|17|1|2|360|3 ocke'...|court_info
20836|24|17|1|3|434|_ ATTESTING OFFICER: 5...|reporting_personnel
20836|24|17|1|4|474|"‘dd | hereby declare and ..."|reporting_personnel
20836|24|17|1|5|497|#NAME?...|reporting_personnel
20836|24|17|1|7|603|ARRESTING OFFICER(S): s...|reporting_personnel
20836|24|17|1|8|643|oO Beat...|reporting_personnel
20836|24|17|1|9|678|= 1st Arresting Officer: ...|reporting_personnel
20836|24|17|1|10|718|"fv |2nd Arresting Officer..."|reporting_personnel
20836|24|17|1|11|749|& APPROVING SUPERVISOR: “...|reporting_personnel
20836|24|17|1|12|800|© Approval of Probable Ca...|reporting_personnel
20836|24|17|1|13|2055|Print Generated By: KILLE...|footer
20836|24|18|1|1|2206|CPD 0068184...|footer
20836|25|28|1|4|0|rints Taken: 08 March = 2...|lockup_keeper_processing
20836|25|29|1|1|0|powered buy: CL! : Fescct...|footer
20836|25|1|1|1|67|Chicago Police Department...|header
20836|25|28|1|1|126|ARREST PROCESSING REPORT...|header
20836|25|28|1|2|165|Holding Facility: Distric...|lockup_keeper_processing
20836|25|28|1|3|198|eceived in Lockup: 08 Mar...|lockup_keeper_processing
20836|25|28|1|5|268|Palmprints Taken: Yes...|lockup_keeper_processing
20836|25|28|1|6|305|Photograph Taken: 08 Marc...|lockup_keeper_processing
20836|25|28|1|7|339|"..| Released from Lockup:..."|lockup_keeper_processing
20836|25|28|1|8|374|) (VISUAL CHECK OF ARREST...|lockup_keeper_processing
20836|25|28|1|9|414|"| Is there obvious pain o..."|lockup_keeper_processing
20836|25|28|1|10|445|">| Is there obvious signs..."|lockup_keeper_processing
20836|25|28|1|11|476|Under the influence of al...|lockup_keeper_processing
20836|25|28|1|12|508|Signs of alcohol/drug wit...|lockup_keeper_processing
20836|25|28|1|13|539|"_| Appears to be desponde..."|lockup_keeper_processing
20836|25|28|1|14|570|Appears to be irrational?...|lockup_keeper_processing
20836|25|28|1|15|602|Carrying medication? No...|lockup_keeper_processing
20836|25|28|1|16|693|RETURN TO HOLDING FACILIT...|lockup_keeper_processing
20836|25|28|1|17|727|- QUESTIONNAIRE REMARKS:...|lockup_keeper_processing
20836|25|28|1|18|879|"‘|LOCKUP KEEPER COMMENTS:..."|lockup_keeper_processing
20836|25|28|1|19|912|‘EMERGENCY CONTACT “...|lockup_keeper_processing
20836|25|28|1|20|954|"~’|Name : REFUSED..."|lockup_keeper_processing
20836|25|28|1|21|989|L Res: Beat:...|lockup_keeper_processing
20836|25|28|1|22|1337|NO INTERVIEWS LOGGED...|interview_log
20836|25|28|1|23|1555|&...|visitor_log
20836|25|28|1|24|1587|aoa...|visitor_log
20836|25|28|1|25|1606|o. NO VISITORS LOGGED...|visitor_log
20836|25|28|1|26|1633|rE....|visitor_log
20836|25|28|1|27|1660|g:...|visitor_log
20836|25|28|1|28|1681|=...|visitor_log
20836|25|28|1|29|2049|Print Generated By: KILLE...|footer
20836|25|30|1|1|2206|CPD 0068185...|footer
20902|12|23|1|1|67|CBH:...|header
20902|12|3|1|1|70|FINAL APPROVAL...|header
20902|12|1|1|1|88|CHICAGO POLICE DEPARTMENT...|header
20902|12|24|1|1|98|IR#: a...|header
20902|12|2|1|1|122|ARREST REPORT...|header
20902|12|24|1|2|129|YD #:...|header
20902|12|25|1|1|155|RD #:...|header
20902|12|4|1|1|164|3510 S. Michigan Avenue, ...|header
20902|12|25|1|2|183|EVENT #:...|header
20902|12|5|1|1|189|(For use by Chicago Polic...|header
20902|12|6|1|1|209|CPD-11. 420C(REV. 6/30)...|header
20902|12|22|1|1|234|ARREST REPORTING...|header
20902|12|30|1|1|272|"|..."|offender
20902|12|34|1|1|274|Male...|offender
20902|12|34|2|1|305|White...|offender
20902|12|34|3|1|336|"5' 06""..."|offender
20902|12|35|1|1|348|Beat: 924...|offender
20902|12|34|4|1|366|200 Ibs...|offender
20902|12|34|4|2|396|Brown Eyes...|offender
20902|12|34|4|3|428|Black Hair...|offender
20902|12|7|1|1|445|Laborer...|offender
20902|12|42|1|1|458|Short Hair Style...|offender
20902|12|9|1|1|462|OFFENDER...|offender
20902|12|42|1|2|489|Olive Complexion...|offender
20902|12|8|1|1|512|AGE: 32 years...|offender
20902|12|8|1|2|548|POB: Romania...|offender
20902|12|10|1|1|588|SSN:...|offender
20902|12|10|1|2|624|ARMED WITH Handgun...|offender
20902|12|31|1|1|866|rrest Date: 01 January 20...|incident
20902|12|37|1|1|866|TRR Completed? No...|incident
20902|12|43|1|1|866|Total No Arrested:1 Co-Ar...|incident
20902|12|46|1|1|867|Assoc Cases...|incident
20902|12|12|1|1|899|Location:...|incident
20902|12|37|1|2|899|Beat: 2113...|incident
20902|12|43|1|2|905|DCFS Ward ? No...|incident
20902|12|12|1|2|928|Cnicago, IL 60616...|incident
20902|12|44|1|1|941|Dependent Children? No...|incident
20902|12|14|1|1|942|INCIDENT...|incident
20902|12|12|1|3|959|303 - Sidewalk...|incident
20902|12|33|1|1|990|Holding Facility: Distric...|incident
20902|12|13|1|1|1022|Resisted Arrest? No...|incident
20902|12|48|1|1|1177|Victim...|charges
20902|12|40|1|1|1226|4 Offense As Cited 720 IL...|charges
20902|12|40|1|2|1259|UUW - WEAPON - POSSESS/CA...|charges
20902|12|40|1|3|1293|Class 4- Type F...|charges
20902|12|40|1|4|1325|2 Offense As Cited 720 IL...|charges
20902|12|40|1|5|1358|CANNABIS - POSSESS 30-500...|charges
20902|12|16|1|1|1364|CHARGES...|charges
20902|12|40|1|6|1391|Class 4- Type F...|charges
20902|12|16|1|2|1423|wo...|charges
20902|12|40|1|7|1423|Offense As Cited 720 ILCS...|charges
20902|12|40|1|8|1457|BATTERY - CAUSE BODILY HA...|charges
20902|12|51|1|1|1475|ul...|charges
20902|12|40|1|9|1491|Class A- Type M...|charges
20902|12|40|1|10|1522|4 Offense As Cited 720 IL...|charges
20902|12|40|1|11|1556|BATTERY - MAKE PHYSICAL C...|charges
20902|12|40|1|12|1590|Class A-Type M...|charges
20902|12|40|1|13|1622|5 Offense As Cited 720 IL...|charges
20902|12|40|1|14|1655|CANNABIS - POSSESS 2.5-10...|charges
20902|12|40|1|15|1688|Class _B-Type M...|charges
20902|12|19|1|1|1750|Felony Review : Approved...|felony_review
20902|12|41|1|1|1750|1/1/12 6:54...|felony_review
20902|12|55|1|1|1750|State's Attorneys's Offic...|felony_review
20902|12|20|1|1|1762|FELONY...|felony_review
20902|12|21|1|1|1763|=...|felony_review
20902|12|21|1|2|1793|eI...|felony_review
20902|12|21|1|3|1820|5...|felony_review
20902|12|21|1|4|1842|rf...|felony_review
20902|12|21|1|5|1861|ao...|felony_review
20902|12|62|1|1|1973|L...|footer
20902|12|58|1|1|2047|Print Generated By: HIXSO...|footer
20902|12|59|1|1|2055|Page 1 of 6...|footer
20902|12|63|1|1|2055|1/26/12 8:34...|footer
20902|12|60|1|1|2080|powered by: cafe Technolo...|footer
20902|12|64|1|1|2206|CPD 0062300...|footer
20902|13|8|1|2|0|powered buy: CL! : Fescct...|footer
20902|13|4|1|1|67|CB#:...|header
20902|13|1|1|1|82|Chicago Police Department...|header
20902|13|4|2|1|123|[ ARREST REPORTING...|header
20902|13|4|2|2|180|ae Type Approx. Weight/Qu...|recovered_narcotics
20902|13|4|2|3|204|@ ~_Suspect Cannabis 34 G...|recovered_narcotics
20902|13|4|2|4|246|38 uspect Cannabis 6 GRAM...|recovered_narcotics
20902|13|4|3|1|302|a...|recovered_narcotics
20902|13|4|3|2|310|Qe...|recovered_narcotics
20902|13|4|3|3|347|ra...|recovered_narcotics
20902|13|5|1|1|518|NO WARRANT IDENTIFIED...|warrant
20902|13|7|1|1|2055|Print Generated By: HIXSO...|footer
20902|13|8|1|1|2055|26 JAN 2012 08 34...|footer
20902|13|9|1|1|2206|CPD 0062301...|footer
20902|14|29|1|9|0|NaMerSTATE OF ILLINOIS, P...|non_offenders
20902|14|29|1|45|0|powered tu: CLI : Fesccte...|footer
20902|14|2|1|1|67|CB #:...|header
20902|14|1|1|1|82|Chicago Police Department...|header
20902|14|29|1|1|123|bx ARREST REPORTING ;...|header
20902|14|29|1|2|156|VICTIM 4...|non_offenders
20902|14|29|1|3|204|"_|Name: STATE OF ILLINOIS..."|non_offenders
20902|14|29|1|4|273|DOB: Hospitalized? No...|non_offenders
20902|14|29|1|5|310|Age:...|non_offenders
20902|14|29|1|6|342|Treated and Released? No...|non_offenders
20902|14|29|1|7|368|* Comments:...|non_offenders
20902|14|29|1|8|468|COMPLAINANT “...|non_offenders
20902|14|29|1|10|544|Empl:6120 S Racine Ave Be...|non_offenders
20902|14|29|1|11|572|Chicago, IL 60636 DOB: Ho...|non_offenders
20902|14|29|1|12|603|312-745-4079 Age:...|non_offenders
20902|14|29|1|13|649|Treated and Released? No...|non_offenders
20902|14|29|1|14|683|Comments:...|non_offenders
20902|14|29|1|15|776|'ICTIM AND COMPLAINANT <...|non_offenders
20902|14|29|1|16|819|° Male Injured? No Deceas...|non_offenders
20902|14|29|1|17|851|: Beat:833 White Hispanic...|non_offenders
20902|14|29|1|18|879|: shicania 2 DOB Hospital...|non_offenders
20902|14|29|1|19|915|~ Age:32 years —_...|non_offenders
20902|14|29|1|20|948|ig Treated and Released? ...|non_offenders
20902|14|29|1|21|990|Comments:...|non_offenders
20902|14|29|1|22|1043|ff...|non_offenders
20902|14|29|1|23|1081|VICTIM AND COMPLAINANT s...|non_offenders
20902|14|29|1|24|1120|9 Name Male Injured? No D...|non_offenders
20902|14|29|1|25|1157|Res; Beat:1733 (White His...|non_offenders
20902|14|29|1|26|1182|DOE ' Hospitalized?No...|non_offenders
20902|14|29|1|27|1231|Age:24 years...|non_offenders
20902|14|29|1|28|1263|Treated and Released? No...|non_offenders
20902|14|29|1|29|1296|Comments: dill °° And Ref...|non_offenders
20902|14|29|1|30|1325|Il Dk...|non_offenders
20902|14|29|1|31|1391|-WITNESS 4...|non_offenders
20902|14|29|1|32|1423|"“_|Name: STATE OF ILLINOI..."|non_offenders
20902|14|29|1|33|1462|/ Empl, Beat:1333...|non_offenders
20902|14|29|1|34|1497|S Unicago, IL 6U01Z DOB: ...|non_offenders
20902|14|29|1|35|1538|"| Age:..."|non_offenders
20902|14|29|1|36|1570|"| CEL: Treated and Releas..."|non_offenders
20902|14|29|1|37|1596|; - Comments: Cook County...|non_offenders
20902|14|29|1|38|1695|WITNESS...|non_offenders
20902|14|29|1|39|1730|‘Name: STATE OF ILLINOIS,...|non_offenders
20902|14|29|1|40|1808|DOB: Hospitalized? No...|non_offenders
20902|14|29|1|41|1845|Age:...|non_offenders
20902|14|29|1|42|1877|Treated and Released? No...|non_offenders
20902|14|29|1|43|1912|Comments:...|non_offenders
20902|14|29|1|44|2055|Print Generated By: HIXSO...|footer
20902|14|30|1|1|2206|CPD 0062302...|footer
20902|15|1|1|1|67|Chicago Police Department...|header
20902|15|5|1|1|123|"| ARREST REPORTING..."|header
20902|15|5|1|2|163|Vehicle: VEHICLE IMPOUNDE...|arrestee_vehicle
20902|15|5|1|3|191|“41999 Automobile - Ford ...|arrestee_vehicle
20902|15|5|1|4|232|Color: Blue (Top) / Blue ...|arrestee_vehicle
20902|15|5|1|5|268|; Pound#:...|arrestee_vehicle
20902|15|6|1|1|304|’ Disposition: Towed And ...|arrestee_vehicle
20902|15|10|1|1|487|Il confiscated properties...|properties
20902|15|10|1|2|512|locuments related to evid...|properties
20902|15|13|1|1|575|PROPERTIES INFORMATION FO...|properties
20902|15|17|1|1|2055|Print Generated By: HIXSO...|footer
20902|15|17|1|2|2097|Boewered by: £11 Rechonoi...|footer
20902|15|18|1|1|2206|CPD 0062303...|footer
20902|16|6|1|2|0|Branch: 48-2 155 W 51ST S...|court_info
20902|16|1|1|1|67|Chicago Police Department...|header
20902|16|4|1|1|123|[ ARREST REPORTING...|header
20902|16|4|1|2|168|«« (The facts for probabl...|incident_narrative
20902|16|4|1|3|206|EVEN “THIS IS AN ARREST B...|incident_narrative
20902|16|4|1|4|238|“/FIREA .....4uvereD: 1 P...|incident_narrative
20902|16|5|1|1|270|“LOADED WITH (5) LIVE .25...|incident_narrative
20902|16|5|1|2|302|- POLICE 10-1 UNDER EVENT...|incident_narrative
20902|16|5|1|3|331|"(TODD
5	1	5	1	3	2	180	334..."|incident_narrative
20902|16|5|1|4|366|TO R/O'S THAT THEY WITNES...|incident_narrative
20902|16|5|1|5|366|"AMT"" 3S FURTHER STATED TO..."|incident_narrative
20902|16|5|1|6|422|%. EXITED HIS VE. ~~ “*' ...|incident_narrative
20902|16|5|1|7|461|THE CHEET ~FFENDER HEN RE...|incident_narrative
20902|16|5|1|8|484|4 O THE GROUND, AND STRUC...|incident_narrative
20902|16|5|1|9|511|_ SWELLING AND CUTS- MEDI...|incident_narrative
20902|16|5|1|10|526|“HANDGUN IN THE FACE OF v...|incident_narrative
20902|16|5|1|11|585|MENACING CITIZENS WITH AF...|incident_narrative
20902|16|5|1|12|622|ITNESS'S QUICKLY IDENTIFI...|incident_narrative
20902|16|8|1|1|626|‘NARRATIVE, ....|incident_narrative
20902|16|5|1|13|654|© DROP THE HANDGUN AND TO...|incident_narrative
20902|16|5|1|14|686|ND KICKED IT WITH HIS FOO...|incident_narrative
20902|16|5|1|15|708|LISTED LOCATION. R/O'S MO...|incident_narrative
20902|16|5|1|16|750|OURING THE SURROUNDING AR...|incident_narrative
20902|16|5|1|17|750|HE PHYSICAL DESCRIPTIONS ...|incident_narrative
20902|16|5|1|18|805|DETAINED ARRESTE, OR FURT...|incident_narrative
20902|16|5|1|19|840|PANTS POCKET, R/O FELT WH...|incident_narrative
20902|16|5|1|20|877|ITH STREET LEVEL PACKAGIN...|incident_narrative
20902|16|9|1|1|897|=...|incident_narrative
20902|16|10|1|1|905|INGIDENT...|incident_narrative
20902|16|5|1|21|909|RIGHT PANTS POCKET A CLEA...|incident_narrative
20902|16|5|1|22|941|ANNABIS. ARRESTEE TAKEN I...|incident_narrative
20902|16|5|1|23|969|DDRESS OF OCCURANCE FOR A...|incident_narrative
20902|16|5|1|24|1005|"NDIVIDUAL THEY OBSERVED |..."|incident_narrative
20902|16|5|1|25|1037|THAT TIME POSITIVELY IDEN...|incident_narrative
20902|16|5|1|26|1069|WITH HIS HANDS, AND BATTE...|incident_narrative
20902|16|11|1|1|1069|» PERSON WHO BATTERE...|incident_narrative
20902|16|5|1|27|1101|RS VEHICLE WITH OTHER OCC...|incident_narrative
20902|16|5|1|28|1133|/ LL THREE WHERE THEN MIR...|incident_narrative
20902|16|5|1|29|1163|“UNDERSTANDING THEIR RIGH...|incident_narrative
20902|16|5|1|30|1197|THIS INCIDENT, ALL 3 DENI...|incident_narrative
20902|16|5|1|31|1229|OMPLETED. CUSTODIAL SEARC...|incident_narrative
20902|16|5|1|32|1261|ITE PLASTIC BAG, CONTAINI...|incident_narrative
20902|16|5|1|33|1293|“TRANSPORTED TO 021 FOR F...|incident_narrative
20902|16|5|1|34|1325|“ HOURS BY R/O POZULP PER...|incident_narrative
20902|16|5|1|35|1355|<TIME, ARRESTEE STATED HE...|incident_narrative
20902|16|5|1|36|1389|FIREARM, ARRESTEE STATED,...|incident_narrative
20902|16|5|1|37|1421|UN, THEY LIED. WHEN QUEST...|incident_narrative
20902|16|5|1|38|1452|EAH, THAT LOUD (STREET TE...|incident_narrative
20902|16|5|1|39|1485|ENDS MEET, BUT DO YOU REA...|incident_narrative
20902|16|5|1|40|1517|‘NOT ON GIPP OR TRAP LIST...|incident_narrative
20902|16|5|1|41|1545|“RECOVERED FIREARM INVENT...|incident_narrative
20902|16|5|1|42|1581|GUN DESK: CLEAR NOT REGIS...|incident_narrative
20902|16|6|1|1|1629|[Desired Court Date: 26 J...|court_info
20902|16|18|1|1|1646|COURT INFO ¢...|court_info
20902|16|6|1|3|1703|ourt Sgt Handle? No...|court_info
20902|16|6|2|1|1744|Initial Court Date: 26 Ja...|court_info
20902|16|16|1|1|1744|BOND INFORMATION NOT AVAI...|court_info
20902|16|6|2|2|1781|Branch: CBC-1 2600 S CALI...|court_info
20902|16|6|2|3|1818|[Docket #:...|court_info
20902|16|24|1|1|2055|Print Generated By: HIXSO...|footer
20902|16|24|1|2|2097|Boewered by: £11 Rechonoi...|footer
20902|16|25|1|1|2206|CPD 0062304...|footer
22144|106|32|1|1|0|Arrest Date: 14 June 2012...|incident
22144|106|4|1|1|67|CB #:...|header
22144|106|3|1|1|70|FINAL APPROVAL...|header
22144|106|1|1|1|88|CHICAGO POLICE DEPARTMENT...|header
22144|106|4|1|2|98|IR#:...|header
22144|106|1|1|2|122|ARREST REPORT...|header
22144|106|5|1|1|129|YD #:...|header
22144|106|2|1|1|164|3510 S. Michigan Avenue, ...|header
22144|106|2|1|2|189|(For use by Chicago Polic...|header
22144|106|2|1|3|209|CPD-11. 420C(REV. 6/30)...|header
22144|106|9|1|1|234|ARREST REPORTING...|header
22144|106|27|1|1|274|Male...|offender
22144|106|27|1|2|305|Black...|offender
22144|106|28|1|1|312|Beat: 512...|offender
22144|106|27|2|1|336|"5' 10""..."|offender
22144|106|27|3|1|366|162 Ibs...|offender
22144|106|16|1|1|372|Unknown...|offender
22144|106|27|4|1|396|Brown Eyes...|offender
22144|106|17|1|1|408|DOB:...|offender
22144|106|27|5|1|428|Black Hair...|offender
22144|106|17|1|2|439|AGE: zz years...|offender
22144|106|27|6|1|458|Braids Hair Style...|offender
22144|106|19|1|1|462|OFFENDER...|offender
22144|106|17|1|3|474|POB: Illinois...|offender
22144|106|27|6|2|489|Medium Complexion...|offender
22144|106|18|1|1|515|ARMED WITH Unarmed...|offender
22144|106|20|1|1|899|Location:...|incident
22144|106|29|1|1|899|Beat: 512...|incident
22144|106|35|1|1|905|DCFS Ward ? No...|incident
22144|106|33|1|1|941|Dependent Children? No...|incident
22144|106|22|1|1|942|INCIDENT...|incident
22144|106|21|1|1|990|Holding Facility: Distric...|incident
22144|106|21|1|2|1022|Resisted Arrest? No...|incident
22144|106|37|1|1|1177|Victim...|charges
22144|106|31|1|1|1226|1 Offense As Cited 725 IL...|charges
22144|106|24|1|1|1231|CHARGES...|charges
22144|106|31|1|2|1259|ISSUANCE OF WARRANT...|charges
22144|106|40|1|1|1460|—...|recovered_narcotics
22144|106|41|1|1|1487|RECOVERED...|recovered_narcotics
22144|106|41|1|2|1494|NARCOTICS...|recovered_narcotics
22144|106|42|1|1|1603|NO NARCOTICS RECOVERED...|recovered_narcotics
22144|106|43|1|1|1716|Warrant No Issue Date Typ...|warrant
22144|106|47|1|1|1716|NCIC/...|warrant
22144|106|52|1|1|1716|Bond...|warrant
22144|106|54|1|1|1716|Case...|warrant
22144|106|56|1|1|1716|County...|warrant
22144|106|48|1|1|1718|Hold...|warrant
22144|106|45|1|1|1740|Ee...|warrant
22144|106|47|1|2|1745|Leads No...|warrant
22144|106|52|1|2|1745|Amount...|warrant
22144|106|54|1|2|1745|Docket No...|warrant
22144|106|45|1|2|1762|z...|warrant
22144|106|45|1|3|1782|z...|warrant
22144|106|44|1|1|1789|1219406 14-JUN-12...|warrant
22144|106|49|1|1|1789|Bond Forfeiture Warrant...|warrant
22144|106|55|1|1|1789|Cook...|warrant
22144|106|45|1|4|1825|<...|warrant
22144|106|45|1|5|1868|=...|warrant
22144|106|46|1|1|2055|Print Generated By: TOUSA...|footer
22144|106|50|1|1|2055|Page 1 of 5...|footer
22144|106|58|1|1|2055|7/19/12 8:09...|footer
22144|106|51|1|1|2080|powered by: cafe Technolo...|footer
22144|106|59|1|1|2206|CPD 0077643...|footer
22144|107|1|1|1|67|Chicago Police Department...|header
22144|107|3|1|1|124|ARREST REPORTING...|header
22144|107|4|1|1|179|DER(S)...|non_offenders
22144|107|6|1|1|301|bx...|non_offenders
22144|107|5|1|1|302|e...|non_offenders
22144|107|6|1|2|321|He...|non_offenders
22144|107|6|1|3|360|te....|non_offenders
22144|107|6|1|4|378|g...|non_offenders
22144|107|6|1|5|413|Zz...|non_offenders
22144|107|6|1|6|434|O-...|non_offenders
22144|107|6|1|7|458|Zz...|non_offenders
22144|107|8|1|1|587|a...|arrestee_vehicle
22144|107|10|1|1|587|VEHICLE ,,...|arrestee_vehicle
22144|107|11|1|1|612|5...|arrestee_vehicle
22144|107|9|1|1|636|NO ARRESTEE VEHICLE INFOR...|arrestee_vehicle
22144|107|11|1|2|734|zt...|properties
22144|107|15|1|1|825|onfiscated Properties :...|properties
22144|107|17|1|1|839|PROPERTIES ....|properties
22144|107|15|1|2|856|Il confiscated properties...|properties
22144|107|15|1|3|881|jocuments related to evid...|properties
22144|107|16|1|1|944|PROPERTIES INFORMATION FO...|properties
22144|107|20|1|1|1101|(The facts for probable c...|incident_narrative
22144|107|22|1|1|1125|_INCIDENT NARRATIVE....|incident_narrative
22144|107|21|1|1|1137|EVENT #§IN SUMMARY: A/O'S...|incident_narrative
22144|107|21|1|2|1172|HOOTING AND FOOT CHASE. T...|incident_narrative
22144|107|21|1|3|1204|O'S CONDUCTED A FIELD INT...|incident_narrative
22144|107|21|2|1|1236|[ARRANT VERIFIED VIA CENT...|incident_narrative
22144|107|21|2|2|1268|INVESTIGATIVE ALERT CLEAR...|incident_narrative
22144|107|21|2|3|1299|DENIED (SUSPECT BLACK P S...|incident_narrative
22144|107|21|2|4|1331|HARGE: 725 ILCS 5.0 / 110...|incident_narrative
22144|107|21|2|5|1363|KNOWLEDGE OF INCIDENT....|incident_narrative
22144|107|24|1|1|1512|[Desired Court Date: 15 J...|court_info
22144|107|24|1|2|1548|Branch: 35-2) 727E111THST...|court_info
22144|107|27|1|1|1552|COURT INFO...|court_info
22144|107|24|1|3|1586|ourt Sgt Handle? No...|court_info
22144|107|25|1|1|1626|Initial Court Date: 15 Ju...|court_info
22144|107|26|1|1|1663|Branch: 35-2 727E111THST-...|court_info
22144|107|26|1|2|1700|Docket #:...|court_info
22144|107|33|1|1|2055|Print Generated By: TOUSA...|footer
22144|107|33|1|2|2097|Bowered by: £11 Rechonoio...|footer
22144|107|34|1|1|2206|CPD 0077644...|footer
22144|108|20|1|1|0|powered buy: CL! : Fescct...|footer
22144|108|1|1|1|67|Chicago Police Department...|header
22144|108|2|1|1|123|L. . . “ARREST REPORTING...|header
22144|108|2|1|2|160|ING OFFICER:...|reporting_personnel
22144|108|7|1|1|178|EL...|reporting_personnel
22144|108|2|2|1|198|hereby declare and affirm...|reporting_personnel
22144|108|2|2|2|223|nowledge, information and...|reporting_personnel
22144|108|11|1|1|285|‘PERS...|reporting_personnel
22144|108|8|1|1|290|Attesting Officer: #17720...|reporting_personnel
22144|108|8|1|2|331|ARRESTING OFFICER(S):...|reporting_personnel
22144|108|19|1|1|370|Beat...|reporting_personnel
22144|108|19|1|2|404|Ist Arresting Officer: #1...|reporting_personnel
22144|108|19|1|3|422|& 2nd Arresting Officer: ...|reporting_personnel
22144|108|19|1|4|475|1. APPROVING SUPERVISOR:...|reporting_personnel
22144|108|19|1|5|493|re Approval of Probable C...|reporting_personnel
22144|108|19|1|6|2055|Print Generated By: TOUSA...|footer
22144|108|21|1|1|2206|CPD 0077645...|footer
22144|109|8|1|3|0|ceived in Lockup: 14 June...|lockup_keeper_processing
22144|109|35|1|1|0|powered buy: CL! : Fescct...|footer
22144|109|1|1|1|67|Chicago Police Department...|header
22144|109|8|1|1|126|ARREST PROCESSING REPORT...|header
22144|109|8|1|2|165|Holding Facility: Distric...|lockup_keeper_processing
22144|109|8|1|4|234|rints Taken: 14 June 2012...|lockup_keeper_processing
22144|109|8|1|5|268|Palmprints Taken: Yes...|lockup_keeper_processing
22144|109|8|1|6|305|Photograph Taken: 14June ...|lockup_keeper_processing
22144|109|8|1|7|339|Released from Lockup: 15 ...|lockup_keeper_processing
22144|109|8|1|8|374|) (VISUAL CHECK OF ARREST...|lockup_keeper_processing
22144|109|8|1|9|414|"| Is there obvious pain o..."|lockup_keeper_processing
22144|109|8|1|10|445|">| Is there obvious signs..."|lockup_keeper_processing
22144|109|8|1|11|476|Under the influence of al...|lockup_keeper_processing
22144|109|8|1|12|508|Signs of alcohol/drug wit...|lockup_keeper_processing
22144|109|8|1|13|539|"_| Appears to be desponde..."|lockup_keeper_processing
22144|109|8|1|14|570|Appears to be irrational?...|lockup_keeper_processing
22144|109|8|1|15|602|Carrying medication? No...|lockup_keeper_processing
22144|109|11|1|1|693|RETURN TO HOLDING FACILIT...|lockup_keeper_processing
22144|109|11|1|2|727|- QUESTIONNAIRE REMARKS:...|lockup_keeper_processing
22144|109|17|1|1|879|"‘|LOCKUP KEEPER COMMENTS:..."|lockup_keeper_processing
22144|109|17|2|1|912|‘EMERGENCY CONTACT...|lockup_keeper_processing
22144|109|20|1|1|915|~~...|lockup_keeper_processing
22144|109|22|1|1|954|eee...|lockup_keeper_processing
22144|109|17|3|1|958|"‘|Name : REFUSED..."|lockup_keeper_processing
22144|109|17|4|1|1000|Res: Beat:...|lockup_keeper_processing
22144|109|28|1|1|1337|NO INTERVIEWS LOGGED...|interview_log
22144|109|34|1|1|1555|aS...|visitor_log
22144|109|34|2|1|1587|x NO VISITORS LOGGED...|visitor_log
22144|109|34|3|1|1633|rE....|visitor_log
22144|109|34|4|1|1660|g:...|visitor_log
22144|109|34|5|1|1681|=...|visitor_log
22144|109|34|6|1|2055|Print Generated By: TOUSA...|footer
22144|109|36|1|1|2206|CPD 0077646...|footer
22233|25|10|1|1|0|rrest Date: 21 March = 20...|incident
22233|25|4|1|1|123|CB#:...|header
22233|25|3|1|1|126|FINAL APPROVAL...|header
22233|25|1|1|1|144|CHICAGO POLICE DEPARTMENT...|header
22233|25|4|1|2|153|AR #: -...|header
22233|25|1|1|2|178|ARREST REPORT...|header
22233|25|4|1|3|182|YD #:...|header
22233|25|4|1|4|208|_ RO#...|header
22233|25|2|1|1|218|3510 S. Michigan Avenue, ...|header
22233|25|4|1|5|229|EVENT #& —_...|header
22233|25|2|1|2|241|(For use by Chicago Polic...|header
22233|25|2|1|3|261|CPD-11, 420C(REV. 6/30)...|header
22233|25|9|1|1|310|-s«OFFENDER) sid?...|offender
22233|25|7|1|1|357|Res: Beat: 1512...|offender
22233|25|25|1|1|380|"5°03""..."|offender
22233|25|25|2|1|410|190 Ibs...|offender
22233|25|8|1|1|418|None...|offender
22233|25|25|3|1|439|Brown Eyes...|offender
22233|25|8|1|2|452|DOB:...|offender
22233|25|25|3|2|470|Black Hair...|offender
22233|25|8|1|3|482|AGE: 22 years...|offender
22233|25|25|3|3|499|Braids Hair Style...|offender
22233|25|8|1|4|516|POB: lilinois...|offender
22233|25|25|3|4|528|Medium Brown...|offender
22233|25|8|1|5|554|ARMED WITH Unarmed...|offender
22233|25|25|3|5|555|Compiexion...|offender
22233|25|27|1|1|889|Total No Arrested:...|incident
22233|25|34|1|1|891|Co-Arrests Assoc Cases...|incident
22233|25|10|1|2|922|Location: Beat: 1512...|incident
22233|25|34|1|2|929|DCFS Ward ? No...|incident
22233|25|28|1|1|963|Dependent Children? No...|incident
22233|25|10|1|3|966|5 303- Sidewalk...|incident
22233|25|10|1|4|1007|at Holding Facility: Dist...|incident
22233|25|10|1|5|1042|a Resisted Arrest? Yes...|incident
22233|25|10|1|6|1075|z...|incident
22233|25|35|1|1|1189|Victim...|charges
22233|25|12|1|1|1235|Offense As Cited 720 iLCS...|charges
22233|25|35|1|2|1235|P.O. R. Seaberry#3110...|charges
22233|25|13|1|1|1243|CHARGES......|charges
22233|25|30|1|1|1267|AGG BATTERY/PEACE OFFICER...|charges
22233|25|17|1|1|1291|RS...|charges
22233|25|15|1|1|1301|Class 2- Type F...|charges
22233|25|36|1|1|1330|P.O C Jones#16183...|charges
22233|25|16|1|1|1331|Offense As Cited 720 ILCS...|charges
22233|25|31|1|1|1361|RESIST/PC OFF/CORR EMP/FR...|charges
22233|25|18|1|1|1394|Class A- Type M...|charges
22233|25|14|1|1|1398|gs...|charges
22233|25|19|1|1|1424|Offense As Cited 720 ILCS...|charges
22233|25|37|1|1|1424|P.O. R. Seaberry#3110...|charges
22233|25|32|1|1|1456|RESIST/PC OFF/CORR EMP/FR...|charges
22233|25|21|1|1|1489|Class A-Type M...|charges
22233|25|22|1|1|1548|Felony Review: Approved 2...|felony_review
22233|25|33|1|1|1548|Ramon, Moore...|felony_review
22233|25|39|1|1|1548|State's Attorneys’s Offic...|felony_review
22233|25|24|1|1|1560|FELONY...|felony_review
22233|25|23|1|1|1570|is...|felony_review
22233|25|41|1|1|1745|#NAME?...|recovered_narcotics
22233|25|41|1|2|1750|NARCOTICS...|recovered_narcotics
22233|25|42|1|1|1784|R...|recovered_narcotics
22233|25|44|1|1|1805|RECOVE!...|recovered_narcotics
22233|25|43|1|1|1854|NO NARCOTICS RECOVERED...|recovered_narcotics
22233|25|50|1|1|1981|_...|footer
22233|25|48|1|1|2031|Page 1 of 5...|footer
22233|25|45|1|1|2032|Print Generated By: KOBEL...|footer
22233|25|51|1|1|2032|3/23/12 12:23...|footer
22233|25|46|1|1|2073|Powered bys CL...|footer
22233|25|49|1|1|2073|Techmotagsy...|footer
22233|25|53|1|1|2206|CPD 0069844...|footer
22233|26|1|1|1|119|Chicago Police Department...|header
22233|26|6|1|1|234|ARRANT...|warrant
22233|26|4|1|1|311|NO WARRANT IDENTIFIED...|warrant
22233|26|8|1|1|440|ICTIM AND ¢ COMPLAINANT —...|non_offenders
22233|26|8|1|2|472|Name:P.0. C JONES#16183 a...|non_offenders
22233|26|8|1|3|517|Black...|non_offenders
22233|26|8|2|1|550|DOB: Hospitalized? No...|non_offenders
22233|26|10|1|1|585|"| Age:..."|non_offenders
22233|26|10|1|2|594|"| i Comments: ‘..."|non_offenders
22233|26|17|1|1|601|NON-OFFENDER(S}...|non_offenders
22233|26|9|1|1|616|Treated and Released? No...|non_offenders
22233|26|15|1|1|734|iCTIM AND COMPLAINANT...|non_offenders
22233|26|18|1|1|845|Hospitalized? No...|non_offenders
22233|26|20|1|1|911|Treated and Released? No...|non_offenders
22233|26|22|1|1|986|i—...|non_offenders
22233|26|23|1|1|1138|NO ARRESTEE VEHICLE INFOR...|arrestee_vehicle
22233|26|29|1|1|1350|PROPERTIES....|properties
22233|26|25|1|1|1355|J confiscated properties ...|properties
22233|26|25|1|2|1379|jocuments related to evid...|properties
22233|26|27|1|1|1440|PROPERTIES INFORMATION FO...|properties
22233|26|37|1|1|2023|Print Generated By: KOBEL...|footer
22233|26|38|1|1|2065|Powered fy: CL ARTectmatc...|footer
22233|26|40|1|1|2206|CPD 0069845...|footer
22233|27|1|1|1|132|Chicago Police Department...|header
22233|27|5|1|1|214|(The facts for probable c...|incident_narrative
22233|27|6|1|1|243|EVENT A IN i 5	1	6	1	1	6	...|incident_narrative
22233|27|12|1|1|306|"INCIDENT NARRATIVE | _..."|incident_narrative
22233|27|6|2|2|374|A SOFT ASS NIGGA I'LL BEA...|incident_narrative
22233|27|6|2|3|405|jSEEN THE ABOVE SUBJECT I...|incident_narrative
22233|27|6|2|4|435|ERIOUSLY AND WAS PLACED I...|incident_narrative
22233|27|6|2|5|465|HICH TIME THE ABOVE SUBJE...|incident_narrative
22233|27|6|2|6|496|NESSESSARY FORCE TO EFFEC...|incident_narrative
22233|27|6|3|1|527|HILE BEING TRANSPORTED TO...|incident_narrative
22233|27|6|3|2|558|16183 AND P.O.SEABERRY# 3...|incident_narrative
22233|27|6|3|3|589|NTERING THE POLICE STATIO...|incident_narrative
22233|27|6|3|4|620|‘OS REMOVED THE HAND CUFF...|incident_narrative
22233|27|6|4|1|651|EABERRY#3110 AND WITH BOT...|incident_narrative
22233|27|6|4|2|681|EABERRY#3110 BACKWARDS. O...|incident_narrative
22233|27|7|1|1|712|BOVE SUBJECT AND WITH THE...|incident_narrative
22233|27|7|1|2|742|OLDING CELL. R/O SUFFERED...|incident_narrative
22233|27|7|1|3|773|EAD DURING STRUGGLE. SUBJ...|incident_narrative
22233|27|8|1|1|819|lesired Court Date: 29 Ma...|court_info
22233|27|17|1|1|848|GOURT.INFO-...|court_info
22233|27|8|1|2|855|Branch: 50-2 8555 W GRAND...|court_info
22233|27|13|1|1|866|“BOND INF...|court_info
22233|27|15|1|1|876|"| BOND INFORMATION NOT AV..."|court_info
22233|27|8|2|1|892|‘ourt Sgt Handle? No...|court_info
22233|27|8|2|2|931|Initial Court Date: 22 Ma...|court_info
22233|27|8|2|3|967|Branch: 1 2600 S CALIFORN...|court_info
22233|27|8|2|4|1002|Docket #:...|court_info
22233|27|16|1|1|1117|herein are accurate to th...|reporting_personnel
22233|27|19|1|1|1117|(1 hereby declare and aff...|reporting_personnel
22233|27|19|1|2|1142|knowledge, information an...|reporting_personnel
22233|27|21|1|1|1208|"Attesting
5	1	21	1	1	2	22..."|reporting_personnel
